{
  "students": [
    {
      "id": "1",
      "name": "Khajol",
      "place": "Mumbai",
      "phone": "9877565643"
    },
    {
      "id": "2",
      "name": "Abi",
      "place": "Trichy",
      "phone": "9645789021"
    },
    {
      "id": "4",
      "name": "ervin",
      "place": "salem",
      "phone": "7890567843"
    },
    {
      "id": "5",
      "name": "anita",
      "place": "chennai",
      "phone": "7645890321"
    },
    {
      "id": "3",
      "name": "charu",
      "place": "madurai",
      "phone": "7369567843"
    }
  ]
}